{"cameraMode":{"drawMode":0,"name":"Shaded","section":"Shading Mode"},"sceneLighting":true,"audioPlay":false,"sceneViewState":{"showFog":true,"showMaterialUpdate":false,"showSkybox":true,"showFlares":true,"showImageEffects":true,"showParticleSystems":true,"showVisualEffectGraphs":true,"m_FxEnabled":true},"in2DMode":false,"pivot":{"x":0.10797768831253052,"y":-0.45432281494140627,"z":29.05717658996582},"rotation":{"x":0.2420654147863388,"y":-0.22316835820674897,"z":0.05731656029820442,"w":0.9425054788589478},"size":3.6073946952819826,"orthographic":false}