{"cameraMode":{"drawMode":0,"name":"Shaded","section":"Shading Mode"},"sceneLighting":true,"audioPlay":false,"sceneViewState":{"showFog":true,"showMaterialUpdate":false,"showSkybox":true,"showFlares":true,"showImageEffects":true,"showParticleSystems":true,"showVisualEffectGraphs":true,"m_FxEnabled":true},"in2DMode":false,"pivot":{"x":1.8680403232574463,"y":1.8427027463912964,"z":-0.5974538326263428},"rotation":{"x":-0.10704483836889267,"y":-0.46967950463294985,"z":0.05749627947807312,"w":-0.8744364380836487},"size":3.359060049057007,"orthographic":false}