{"cameraMode":{"drawMode":0,"name":"Shaded","section":"Shading Mode"},"sceneLighting":true,"audioPlay":false,"sceneViewState":{"showFog":true,"showMaterialUpdate":false,"showSkybox":true,"showFlares":true,"showImageEffects":true,"showParticleSystems":true,"showVisualEffectGraphs":true,"m_FxEnabled":true},"in2DMode":false,"pivot":{"x":-0.22199344635009767,"y":1.1836776733398438,"z":31.250640869140626},"rotation":{"x":0.31640657782554629,"y":-0.6412952542304993,"z":0.32899388670921328,"w":0.6167745590209961},"size":4.207394599914551,"orthographic":false}