{"cameraMode":{"drawMode":0,"name":"Shaded","section":"Shading Mode"},"sceneLighting":true,"audioPlay":false,"sceneViewState":{"showFog":true,"showMaterialUpdate":false,"showSkybox":true,"showFlares":true,"showImageEffects":true,"showParticleSystems":true,"showVisualEffectGraphs":true,"m_FxEnabled":true},"in2DMode":false,"pivot":{"x":-29.932235717773439,"y":4.4568891525268559,"z":-36.690433502197269},"rotation":{"x":-0.15620306134223939,"y":-0.026080789044499399,"z":0.004125725012272596,"w":-0.9873841404914856},"size":3.75232195854187,"orthographic":false}