{"cameraMode":{"drawMode":0,"name":"Shaded","section":"Shading Mode"},"sceneLighting":true,"audioPlay":false,"sceneViewState":{"showFog":true,"showMaterialUpdate":false,"showSkybox":true,"showFlares":true,"showImageEffects":true,"showParticleSystems":true,"showVisualEffectGraphs":true,"m_FxEnabled":true},"in2DMode":false,"pivot":{"x":-0.7644209861755371,"y":-6.6586103439331059,"z":39.471797943115237},"rotation":{"x":0.12392730265855789,"y":-0.06335209310054779,"z":0.007932866923511029,"w":0.9902516007423401},"size":19.506635665893556,"orthographic":false}