{"cameraMode":{"drawMode":0,"name":"Shaded","section":"Shading Mode"},"sceneLighting":true,"audioPlay":false,"sceneViewState":{"showFog":true,"showMaterialUpdate":false,"showSkybox":true,"showFlares":true,"showImageEffects":true,"showParticleSystems":true,"showVisualEffectGraphs":true,"m_FxEnabled":true},"in2DMode":false,"pivot":{"x":-9.44286823272705,"y":4.860040664672852,"z":6.651594161987305},"rotation":{"x":0.15178878605365754,"y":-0.016307810321450235,"z":0.002504974137991667,"w":0.9882808923721314},"size":3.7663443088531496,"orthographic":false}