{"cameraMode":{"drawMode":0,"name":"Shaded","section":"Shading Mode"},"sceneLighting":true,"audioPlay":false,"sceneViewState":{"showFog":true,"showMaterialUpdate":false,"showSkybox":true,"showFlares":true,"showImageEffects":true,"showParticleSystems":true,"showVisualEffectGraphs":true,"m_FxEnabled":true},"in2DMode":false,"pivot":{"x":1.3348846435546876,"y":-3.6658687591552736,"z":34.35408401489258},"rotation":{"x":0.29268741607666018,"y":-0.21835742890834809,"z":0.06883963942527771,"w":0.9283975958824158},"size":12.463726043701172,"orthographic":false}