{"cameraMode":{"drawMode":0,"name":"Shaded","section":"Shading Mode"},"sceneLighting":true,"audioPlay":false,"sceneViewState":{"showFog":true,"showMaterialUpdate":false,"showSkybox":true,"showFlares":true,"showImageEffects":true,"showParticleSystems":true,"showVisualEffectGraphs":true,"m_FxEnabled":true},"in2DMode":false,"pivot":{"x":15.270673751831055,"y":-28.283655166625978,"z":82.07308197021485},"rotation":{"x":0.24291379749774934,"y":0.016008460894227029,"z":-0.0039956094697117809,"w":0.9699263572692871},"size":50.590030670166019,"orthographic":false}