{"cameraMode":{"drawMode":0,"name":"Shaded","section":"Shading Mode"},"sceneLighting":true,"audioPlay":false,"sceneViewState":{"showFog":true,"showMaterialUpdate":false,"showSkybox":true,"showFlares":true,"showImageEffects":true,"showParticleSystems":true,"showVisualEffectGraphs":true,"m_FxEnabled":true},"in2DMode":false,"pivot":{"x":21.985559463500978,"y":-6.138775825500488,"z":-40.748497009277347},"rotation":{"x":0.027932986617088319,"y":0.9649956226348877,"z":-0.23400159180164338,"w":0.1151793897151947},"size":25.028079986572267,"orthographic":false}