{"cameraMode":{"drawMode":0,"name":"Shaded","section":"Shading Mode"},"sceneLighting":true,"audioPlay":false,"sceneViewState":{"showFog":true,"showMaterialUpdate":false,"showSkybox":true,"showFlares":true,"showImageEffects":true,"showParticleSystems":true,"showVisualEffectGraphs":true,"m_FxEnabled":true},"in2DMode":false,"pivot":{"x":-5.849559783935547,"y":-0.0534517765045166,"z":5.223536491394043},"rotation":{"x":0.15178878605365754,"y":-0.016307810321450235,"z":0.002504974137991667,"w":0.9882808923721314},"size":6.507093906402588,"orthographic":false}